{"cameraMode":{"drawMode":0,"name":"Shaded","section":"Shading Mode"},"sceneLighting":false,"audioPlay":false,"sceneViewState":{"m_AlwaysRefresh":false,"showFog":true,"showSkybox":false,"showFlares":true,"showImageEffects":true,"showParticleSystems":true,"showVisualEffectGraphs":true,"m_FxEnabled":true},"in2DMode":false,"pivot":{"x":-11.847232818603516,"y":-1.1884618997573853,"z":2.2585654258728029},"rotation":{"x":0.0009419434354640544,"y":-0.7782647609710693,"z":0.0011673157569020987,"w":0.6279354095458984},"size":12.91494083404541,"orthographic":false}